{
  "version": 2,
  "input_size": 16,
  "hidden_size": 24,
  "w1": [
    -0.12723068906618504,
    1.1857037521847171,
    0.9236234121773573,
    -0.3611619713137236,
    -0.12718296735156173,
    -0.08336992462012616,
    -0.09993616514268283,
    0.7927027495372295,
    -1.45702938578271,
    0.5546352309880163,
    0.6451053281436321,
    0.11262346626063247,
    -0.5759862103664989,
    -0.0010975564427380892,
    0.5289525681750733,
    -0.3279579673943778,
    0.4686740825769311,
    -0.24126150177068603,
    1.7369447900602712,
    -0.05754148538657232,
    0.17946777124530242,
    0.7892735376821407,
    0.3825995780381692,
    0.7938500659623996,
    -1.220020653011027,
    0.31227902397849616,
    -0.0005547162315917128,
    -0.7562121032236733,
    -0.25480401922767715,
    -0.0048433908704957835,
    -0.13413492723716128,
    -0.5550663318895336,
    0.16435556287462327,
    0.508317994706579,
    -0.4492705842938095,
    0.935062815883197,
    -0.40880226292993904,
    -0.025768509258735566,
    -0.668442856075066,
    -0.345325435142135,
    0.5219628084246825,
    0.11554040296964867,
    0.21033674577353978,
    -0.0424386313044839,
    0.26427398194960244,
    -0.014809098998784494,
    -0.32352459643447645,
    0.3739810345444566,
    0.029179757306729268,
    0.22942934328858675,
    -0.2996227154408674,
    -0.11257260293054797,
    0.824946782078143,
    -0.07602033163924435,
    -0.407858843275922,
    -0.02974035371453394,
    0.18605331998917754,
    -0.004011295755993554,
    0.328799069728458,
    -0.02045881841075189,
    0.07253133112845182,
    -0.0016985633341992505,
    0.15489893758523762,
    0.2033315692062245,
    -0.4972382732827267,
    1.8368502610016797,
    -0.009837329378325836,
    0.27399016789905023,
    -0.26463642902757084,
    1.5829557997152361,
    0.515465608503844,
    1.3526708224888315,
    -0.026052062836977852,
    2.0700453351923485,
    1.996440177864369,
    0.5508139170551416,
    -0.31515669639108684,
    0.0008954495737504447,
    1.668588459126671,
    -0.25041651470051296,
    -0.07824808721410881,
    -2.4720049744373465,
    0.07049229197489354,
    -2.5919499047993773,
    -0.9548098823137087,
    -1.299195069791621,
    6.2918920378202765,
    -2.0500785185284576,
    0.6861081785702022,
    -3.89634473470715,
    -0.148156811123314,
    -2.0497108961994384,
    -0.2931631851082453,
    0.04793580487034221,
    -1.7020588121826066,
    -0.19632904532652087,
    -0.25750791332637435,
    -0.19464235183699508,
    -0.12204082347632353,
    1.02125037979338,
    -0.19197613116475895,
    0.6028255900368465,
    0.06119701753567369,
    0.654149808330784,
    0.06847810217425766,
    -0.3718423167047397,
    -0.4328226343250799,
    -0.049040946377747946,
    -0.07942685173886291,
    0.012673792222831236,
    -0.09404491294942005,
    0.3783214751736608,
    0.2497640999703169,
    -0.31270780434848233,
    0.014081022341714905,
    0.04212837711280461,
    -0.5164886010589661,
    -0.5004746420424886,
    -0.221774678357779,
    0.14106200334041563,
    0.5634501421256328,
    -0.20304836500544393,
    0.03699530319085648,
    0.4405858532416442,
    -0.28284540546518044,
    0.006840687250433453,
    0.1659841758828336,
    0.1930312976211408,
    0,
    0,
    0,
    0,
    0,
    0,
    0,
    0,
    0,
    0,
    0,
    0,
    0,
    0,
    0,
    0,
    0,
    0,
    0,
    0,
    0,
    0,
    0,
    0,
    0,
    0,
    0,
    0,
    0,
    0,
    0,
    0,
    0,
    0,
    0,
    0,
    0,
    0,
    0,
    0,
    0,
    0,
    0,
    0,
    0,
    0,
    0,
    0,
    0,
    0,
    0,
    0,
    0,
    0,
    0,
    0,
    0,
    0,
    0,
    0,
    0,
    0,
    0,
    0,
    0,
    0,
    0,
    0,
    0,
    0,
    0,
    0,
    0,
    0,
    0,
    0,
    0,
    0,
    0,
    0,
    0,
    0,
    0,
    0,
    0,
    0,
    0,
    0,
    0,
    0,
    0,
    0,
    0,
    0,
    0,
    0,
    0,
    0,
    0,
    0,
    0,
    0,
    0,
    0,
    0,
    0,
    0,
    0,
    0,
    0,
    0,
    0,
    0,
    0,
    0,
    0,
    0,
    0,
    0,
    0,
    0,
    0,
    0,
    0,
    0,
    0,
    0,
    0,
    0,
    0,
    0,
    0,
    0,
    0,
    0,
    0,
    0,
    0,
    0,
    0,
    0,
    0,
    0,
    0,
    0,
    0,
    0,
    0,
    0,
    0,
    0,
    0,
    0,
    0,
    0,
    0,
    0,
    0,
    0,
    0,
    0,
    0,
    0,
    0,
    0,
    0,
    0,
    0,
    0,
    0,
    0,
    0,
    0,
    0,
    0,
    0,
    0,
    0,
    0,
    0,
    0,
    0,
    0,
    0,
    0,
    0,
    0,
    0,
    0,
    0,
    0,
    0,
    0,
    0,
    0,
    0,
    0,
    0,
    0,
    0,
    0,
    0,
    0,
    0,
    0,
    0,
    0,
    0,
    0,
    0,
    0,
    0,
    0,
    0,
    0,
    0,
    0,
    0,
    0,
    0,
    0,
    0,
    0,
    0,
    0,
    0,
    0,
    0,
    0,
    0,
    0,
    0,
    0,
    0,
    0,
    0,
    0,
    0,
    0,
    0,
    0,
    0,
    0,
    0,
    0,
    0,
    0,
    0,
    0,
    0,
    0,
    0,
    0,
    0,
    0,
    0
  ],
  "b1": [
    -0.127230689066185,
    0.4686740825769307,
    0.16435556287462347,
    0.02917975730672978,
    -0.4972382732827229,
    -0.078248087214109,
    -0.2575079133263744,
    0.2497640999703163,
    0,
    0,
    0,
    0,
    0,
    0,
    0,
    0,
    0,
    0,
    0,
    0,
    0,
    0,
    0,
    0
  ],
  "w2": [
    -0.0636783293495199,
    -0.5634193888129491,
    0.13031798856430052,
    0.12154943440013638,
    0.17630311034619964,
    -0.5772567711763615,
    -0.07616674100268206,
    -0.016690256312136817,
    0,
    0,
    0,
    0,
    0,
    0,
    0,
    0,
    0,
    0,
    0,
    0,
    0,
    0,
    0,
    0
  ],
  "b2": 0.8172758410117651
}