{
  "version": 2,
  "input_size": 16,
  "hidden_size": 24,
  "w1": [
    0.19871922090602032,
    1.389094885506818,
    0.7977472249767403,
    -0.4173521669293616,
    -0.3687979053915154,
    -0.24002134493324775,
    -0.0012547728231063744,
    0.8121010698325967,
    -1.0973816333988122,
    0.7134301181764264,
    0.7927814522749903,
    0.04029059867506569,
    -0.4737635034965692,
    0.00002518292014034683,
    0.5589372626205116,
    -0.162423109794271,
    -0.36660826386390905,
    0.028894807386936297,
    1.09438675789993,
    -0.1254243166673181,
    0.12278305475509499,
    0.13132958719635282,
    0.2833752846241682,
    0.2263396975053463,
    -0.488305376511669,
    0.21283196242369215,
    0.23479064228237373,
    -0.26978228322082276,
    -0.18526161731960533,
    -0.005649054496722069,
    -0.06333504212300907,
    -0.2706421160857508,
    0.10577607890671961,
    0.17627252822103706,
    -0.2574229308065319,
    0.9534432026759643,
    -0.2102528832867133,
    0.08815940026472799,
    -0.3261719698263383,
    -0.15876685760954617,
    0.4272449834095394,
    0.04698495084741889,
    0.003879758549617153,
    0.18397761328093942,
    0.29065400223523835,
    -0.006783720029863602,
    -0.205921389914488,
    0.16838786922571983,
    0.08752337997655706,
    0.14700589233649985,
    -0.2500720101846611,
    0.05886460851189347,
    0.8496464820438876,
    -0.09666447367529123,
    -0.2433182300605206,
    0.023448824996523083,
    0.17011944794518707,
    0.08183334090446064,
    0.09013443968647122,
    0.023397418859265703,
    0.12997395773128412,
    -0.001369810932989105,
    0.04923372975060095,
    0.07104371272288718,
    -0.24810347752189435,
    1.5808926916469648,
    -0.14273279053616092,
    0.26674965630130726,
    -0.5463615390073704,
    2.1225711675542716,
    0.15219640701286555,
    1.1233499570053427,
    -0.14622805010791473,
    1.8470271940053937,
    1.4329745478366136,
    0.90780532304199,
    -0.16716825430734955,
    0.006728318133900402,
    1.2420887350888692,
    -0.15327731196491068,
    -0.1687302315851346,
    -2.3825788492216606,
    -0.03569722979477023,
    -1.8812309730389978,
    -0.7876959279927723,
    -0.8605273101863719,
    4.683510369532218,
    -2.1659555212769313,
    0.8346423083915849,
    -3.4069662466811805,
    -0.05463863277311686,
    -2.619025699007666,
    -0.5431105654439522,
    0.03520353627602107,
    -1.3633907751218437,
    0.07933248847085504,
    -0.18855910026635148,
    -0.0913754132052491,
    -0.006271407230216417,
    1.0687422076312745,
    -0.07047625510031298,
    0.433281592860506,
    0.09152665438097135,
    0.6146827028804036,
    -0.01584784867878872,
    -0.514381165471675,
    -0.5452036003091797,
    -0.11828165419598512,
    -0.16443460055943285,
    0.007334888724253542,
    -0.1066805886440808,
    0.36990092139302205,
    0.0477599111016693,
    -0.223172174461917,
    0.11283059429293688,
    0.0056175974539398035,
    -0.4429760439324015,
    -0.21839361320076078,
    -0.03728705526981349,
    0.15087343426107633,
    0.6388297128333413,
    -0.16535478200011608,
    0.20018355471999155,
    0.3172417549019279,
    -0.1551144459568103,
    0.007489996555118508,
    0.23367049587410052,
    0.029332640547691097,
    0,
    0,
    0,
    0,
    0,
    0,
    0,
    0,
    0,
    0,
    0,
    0,
    0,
    0,
    0,
    0,
    0,
    0,
    0,
    0,
    0,
    0,
    0,
    0,
    0,
    0,
    0,
    0,
    0,
    0,
    0,
    0,
    0,
    0,
    0,
    0,
    0,
    0,
    0,
    0,
    0,
    0,
    0,
    0,
    0,
    0,
    0,
    0,
    0,
    0,
    0,
    0,
    0,
    0,
    0,
    0,
    0,
    0,
    0,
    0,
    0,
    0,
    0,
    0,
    0,
    0,
    0,
    0,
    0,
    0,
    0,
    0,
    0,
    0,
    0,
    0,
    0,
    0,
    0,
    0,
    0,
    0,
    0,
    0,
    0,
    0,
    0,
    0,
    0,
    0,
    0,
    0,
    0,
    0,
    0,
    0,
    0,
    0,
    0,
    0,
    0,
    0,
    0,
    0,
    0,
    0,
    0,
    0,
    0,
    0,
    0,
    0,
    0,
    0,
    0,
    0,
    0,
    0,
    0,
    0,
    0,
    0,
    0,
    0,
    0,
    0,
    0,
    0,
    0,
    0,
    0,
    0,
    0,
    0,
    0,
    0,
    0,
    0,
    0,
    0,
    0,
    0,
    0,
    0,
    0,
    0,
    0,
    0,
    0,
    0,
    0,
    0,
    0,
    0,
    0,
    0,
    0,
    0,
    0,
    0,
    0,
    0,
    0,
    0,
    0,
    0,
    0,
    0,
    0,
    0,
    0,
    0,
    0,
    0,
    0,
    0,
    0,
    0,
    0,
    0,
    0,
    0,
    0,
    0,
    0,
    0,
    0,
    0,
    0,
    0,
    0,
    0,
    0,
    0,
    0,
    0,
    0,
    0,
    0,
    0,
    0,
    0,
    0,
    0,
    0,
    0,
    0,
    0,
    0,
    0,
    0,
    0,
    0,
    0,
    0,
    0,
    0,
    0,
    0,
    0,
    0,
    0,
    0,
    0,
    0,
    0,
    0,
    0,
    0,
    0,
    0,
    0,
    0,
    0,
    0,
    0,
    0,
    0,
    0,
    0,
    0,
    0,
    0,
    0,
    0,
    0,
    0,
    0,
    0,
    0,
    0,
    0,
    0,
    0,
    0,
    0
  ],
  "b1": [
    0.19871922090602004,
    -0.3666082638639092,
    0.10577607890671949,
    0.08752337997655722,
    -0.24810347752189435,
    -0.1687302315851342,
    -0.18855910026635134,
    0.04775991110166911,
    0,
    0,
    0,
    0,
    0,
    0,
    0,
    0,
    0,
    0,
    0,
    0,
    0,
    0,
    0,
    0
  ],
  "w2": [
    -0.7289524827550415,
    -0.6969276207564464,
    0.4314184131828478,
    0.059882325651023305,
    0.009307528480106467,
    -0.7236182897230186,
    -0.03249052570547298,
    0.2990279159422193,
    0,
    0,
    0,
    0,
    0,
    0,
    0,
    0,
    0,
    0,
    0,
    0,
    0,
    0,
    0,
    0
  ],
  "b2": 0.44403135198847066
}